number,value,datetime_start,datetime_complete,duration,params_w_knn,params_w_mf,params_w_pop,user_attrs_weights_normalized,state
0,0.039179958978887985,2025-11-17 17:42:54.204033,2025-11-17 17:43:11.003390,0 days 00:00:16.799357,0.23942066037178,0.6298960446611261,0.1597998899321751,"{'w_mf': 0.612074518808531, 'w_knn': 0.23264677835644437, 'w_pop': 0.15527870283502446}",COMPLETE
1,0.041703990420831984,2025-11-17 17:43:11.003390,2025-11-17 17:43:29.857935,0 days 00:00:18.854545,0.2700627799979597,0.6288896860296839,0.8203987940316575,"{'w_mf': 0.2732020399570613, 'w_knn': 0.11732057950849445, 'w_pop': 0.3}",COMPLETE
2,0.040030080251648566,2025-11-17 17:43:29.858936,2025-11-17 17:43:49.045979,0 days 00:00:19.187043,0.8771189485118928,0.0875027635104978,0.30865767703525504,"{'w_mf': 0.06872235917936173, 'w_knn': 0.6888660541038434, 'w_pop': 0.24241158671679483}",COMPLETE
3,0.0422477422512096,2025-11-17 17:43:49.045979,2025-11-17 17:44:07.624032,0 days 00:00:18.578053,0.10533431775740443,0.20891909988976987,0.6900278929033075,"{'w_mf': 0.09299280638547308, 'w_knn': 0.046885774551625174, 'w_pop': 0.3}",COMPLETE
4,0.0392391935780763,2025-11-17 17:44:07.624032,2025-11-17 17:44:26.748484,0 days 00:00:19.124452,0.6198289696296932,0.8050286472138322,0.37457110141843797,"{'w_mf': 0.44738012628329904, 'w_knn': 0.34445875145772664, 'w_pop': 0.2081611222589743}",COMPLETE
5,0.042233307370087854,2025-11-17 17:44:26.748484,2025-11-17 17:44:46.399337,0 days 00:00:19.650853,0.1364762314771396,0.1536811486259787,0.5150828803488464,"{'w_mf': 0.09824381480495396, 'w_knn': 0.08724521992706927, 'w_pop': 0.3}",COMPLETE
6,0.04089371188911802,2025-11-17 17:44:46.399337,2025-11-17 17:45:04.990660,0 days 00:00:18.591323,0.6009555869140283,0.4661999464592679,0.7068340841841294,"{'w_mf': 0.22583942135639382, 'w_knn': 0.2911185705625431, 'w_pop': 0.3}",COMPLETE
7,0.04022612385638343,2025-11-17 17:45:04.990660,2025-11-17 17:45:23.175520,0 days 00:00:18.184860,0.9239380263272552,0.9480836229816885,0.5388703334978544,"{'w_mf': 0.39325014548263365, 'w_knn': 0.383234932513066, 'w_pop': 0.22351492200430031}",COMPLETE
8,0.03686374375853185,2025-11-17 17:45:23.176588,2025-11-17 17:45:41.411709,0 days 00:00:18.235121,0.5532623733706162,0.9725819734677716,0.22879030790361599,"{'w_mf': 0.5542931520469582, 'w_knn': 0.3153148559304878, 'w_pop': 0.1303919920225539}",COMPLETE
9,0.04075345499207953,2025-11-17 17:45:41.411709,2025-11-17 17:45:59.839611,0 days 00:00:18.427902,0.4868287498931545,0.2475004854103765,0.5258985836990794,"{'w_mf': 0.16348228878901236, 'w_knn': 0.32156655429933073, 'w_pop': 0.3}",COMPLETE
10,0.042270616104984296,2025-11-17 17:45:59.840615,2025-11-17 17:46:17.828875,0 days 00:00:17.988260,0.05624827553822483,0.3302285740806715,0.9916982723062437,"{'w_mf': 0.09599116920906742, 'w_knn': 0.016350304482097858, 'w_pop': 0.3}",COMPLETE
11,0.042270616104984296,2025-11-17 17:46:17.829880,2025-11-17 17:46:37.455568,0 days 00:00:19.625688,0.026197217342657817,0.330473068090146,0.9884881589369962,"{'w_mf': 0.09305893481325168, 'w_knn': 0.007376955571804651, 'w_pop': 0.3}",COMPLETE
12,0.04223832248647528,2025-11-17 17:46:37.455568,2025-11-17 17:46:56.102561,0 days 00:00:18.646993,0.0011449358074289706,0.38659278031672123,0.9965907356843936,"{'w_mf': 0.11174174706398372, 'w_knn': 0.0003309351180676779, 'w_pop': 0.3}",COMPLETE
13,0.042178139897804154,2025-11-17 17:46:56.103559,2025-11-17 17:47:14.536236,0 days 00:00:18.432677,0.36724396118437175,0.31393752840434613,0.9544059511757041,"{'w_mf': 0.11419852606294935, 'w_knn': 0.13358937775275434, 'w_pop': 0.3}",COMPLETE
14,0.050573841022201034,2025-11-17 17:47:14.537273,2025-11-17 17:47:33.464078,0 days 00:00:18.926805,0.03576974116309615,0.5223823297385514,0.011244181962793753,"{'w_mf': 0.9174319766078919, 'w_knn': 0.0628204716542313, 'w_pop': 0.01974755173787683}",COMPLETE
15,0.05598350107453469,2025-11-17 17:47:33.464078,2025-11-17 17:47:51.859507,0 days 00:00:18.395429,0.2091563766327022,0.5769282101789043,0.0032382122947600678,"{'w_mf': 0.7309154262768981, 'w_knn': 0.26498205407153963, 'w_pop': 0.004102519651562348}",COMPLETE
16,0.03552423346824952,2025-11-17 17:47:51.859507,2025-11-17 17:48:09.954316,0 days 00:00:18.094809,0.23672039431038644,0.5911203674091703,0.04963735623273938,"{'w_mf': 0.6736582432261934, 'w_knn': 0.26977355841397255, 'w_pop': 0.05656819835983409}",COMPLETE
17,0.04409327239098621,2025-11-17 17:48:09.954316,2025-11-17 17:48:28.364689,0 days 00:00:18.410373,0.39041112307834597,0.7917039003688521,0.015367089793930122,"{'w_mf': 0.6611404810264857, 'w_knn': 0.3260266844584857, 'w_pop': 0.012832834515028587}",COMPLETE
18,0.034775327383222324,2025-11-17 17:48:28.364689,2025-11-17 17:48:47.735626,0 days 00:00:19.370937,0.74563681830655,0.5109221382565085,0.1429532984751069,"{'w_mf': 0.3650715714830059, 'w_knn': 0.5327833433557294, 'w_pop': 0.10214508516126461}",COMPLETE
19,0.040659245303925215,2025-11-17 17:48:47.736670,2025-11-17 17:49:05.975209,0 days 00:00:18.238539,0.19443592869333845,0.7651540065484254,0.3719963939384475,"{'w_mf': 0.5746184004603675, 'w_knn': 0.14601826740970117, 'w_pop': 0.2793633321299314}",COMPLETE
20,0.035555673093178586,2025-11-17 17:49:05.975209,2025-11-17 17:49:24.122140,0 days 00:00:18.146931,0.3632597236367281,0.4974394286619533,0.10196978353952088,"{'w_mf': 0.5167294904232361, 'w_knn': 0.3773464688776266, 'w_pop': 0.10592404069913725}",COMPLETE
21,0.05414369111815514,2025-11-17 17:49:24.122140,2025-11-17 17:49:43.570951,0 days 00:00:19.448811,0.3651501503587594,0.7675614838115019,0.004455327871820357,"{'w_mf': 0.6749769465981881, 'w_knn': 0.3211051345556474, 'w_pop': 0.0039179188461645476}",COMPLETE
22,0.051207907098298706,2025-11-17 17:49:43.571989,2025-11-17 17:50:02.560340,0 days 00:00:18.988351,0.14022713300863354,0.7117262045296868,0.00910020655661953,"{'w_mf': 0.8265760119224499, 'w_knn': 0.16285529973171106, 'w_pop': 0.010568688345838965}",COMPLETE
23,0.038367694776567346,2025-11-17 17:50:02.560340,2025-11-17 17:50:20.921720,0 days 00:00:18.361380,0.32358850365154723,0.7075137407692743,0.22885696191819468,"{'w_mf': 0.5615370221588779, 'w_knn': 0.2568245876719913, 'w_pop': 0.18163839016913086}",COMPLETE
24,0.04045937951713203,2025-11-17 17:50:20.921720,2025-11-17 17:50:40.217621,0 days 00:00:19.295901,0.14713696231742257,0.7060833553738386,0.234891711582017,"{'w_mf': 0.6489068555242545, 'w_knn': 0.13522225502432092, 'w_pop': 0.21587088945142446}",COMPLETE
25,0.035135092135505676,2025-11-17 17:50:40.217621,2025-11-17 17:50:58.800357,0 days 00:00:18.582736,0.40223911059128536,0.8884323547960318,0.1017395290169376,"{'w_mf': 0.6380532460361309, 'w_knn': 0.2888795852717207, 'w_pop': 0.07306716869214826}",COMPLETE
26,0.035308767507363295,2025-11-17 17:50:58.800357,2025-11-17 17:51:17.022614,0 days 00:00:18.222257,0.4502970478167697,0.901475315211008,0.09463968059265117,"{'w_mf': 0.6232493148733594, 'w_knn': 0.3113200348426702, 'w_pop': 0.06543065028397037}",COMPLETE
27,0.03785538642550049,2025-11-17 17:51:17.022614,2025-11-17 17:51:35.793116,0 days 00:00:18.770502,0.2978916190063636,0.7035934631700503,0.16324299888780125,"{'w_mf': 0.6040838841347203, 'w_knn': 0.2557606567999796, 'w_pop': 0.1401554590653002}",COMPLETE
28,0.04070493388399795,2025-11-17 17:51:35.793116,2025-11-17 17:51:54.018564,0 days 00:00:18.225448,0.18424844668764442,0.6035922064469312,0.4051660091792778,"{'w_mf': 0.477307471395906, 'w_knn': 0.14569962842095618, 'w_pop': 0.3}",COMPLETE
29,0.05826543973872364,2025-11-17 17:51:54.019561,2025-11-17 17:52:12.623066,0 days 00:00:18.603505,0.22829041711172487,0.8280156267460421,0.0003221169176319833,"{'w_mf': 0.783639559765669, 'w_knn': 0.21605558661638888, 'w_pop': 0.0003048536179421909}",COMPLETE
30,0.03844250328742038,2025-11-17 17:52:12.623066,2025-11-17 17:52:31.292163,0 days 00:00:18.669097,0.2151653578901117,0.8660438464665794,0.19221509487284513,"{'w_mf': 0.6800905613239551, 'w_knn': 0.16896595896614652, 'w_pop': 0.15094347970989844}",COMPLETE
31,0.03791782261368443,2025-11-17 17:52:31.293188,2025-11-17 17:52:50.474591,0 days 00:00:19.181403,0.10233953865787043,0.8290751496368508,0.06930912726918267,"{'w_mf': 0.8284754861856369, 'w_knn': 0.10226551728480902, 'w_pop': 0.06925899652955422}",COMPLETE
32,0.04100045904817904,2025-11-17 17:52:50.474591,2025-11-17 17:53:08.820831,0 days 00:00:18.346240,0.30649003759628757,0.7319428294667741,0.019210508296681594,"{'w_mf': 0.692050691678387, 'w_knn': 0.28978580562851736, 'w_pop': 0.01816350269309577}",COMPLETE
33,0.04027617569713634,2025-11-17 17:53:08.820831,2025-11-17 17:53:29.856007,0 days 00:00:21.035176,0.2535533059092457,0.6547466222229438,0.3014308007538731,"{'w_mf': 0.5412333559765352, 'w_knn': 0.20959482953923242, 'w_pop': 0.24917181448423228}",COMPLETE
34,0.03732891728526379,2025-11-17 17:53:29.856007,2025-11-17 17:53:49.913421,0 days 00:00:20.057414,0.2641457715142935,0.6320973634131607,0.1388418615660005,"{'w_mf': 0.610671940521319, 'w_knn': 0.2551923488497438, 'w_pop': 0.13413571062893717}",COMPLETE
35,0.05115425627043074,2025-11-17 17:53:49.914419,2025-11-17 17:54:08.169076,0 days 00:00:18.254657,0.09156554449188425,0.839128217319788,0.013337438784930527,"{'w_mf': 0.8888776311518953, 'w_knn': 0.09699419302457084, 'w_pop': 0.014128175823533817}",COMPLETE
36,0.04050805637730392,2025-11-17 17:54:08.170080,2025-11-17 17:54:26.225146,0 days 00:00:18.055066,0.17842420275268864,0.009976947638434763,0.07454980397075818,"{'w_mf': 0.03794223779353227, 'w_knn': 0.6785455606566672, 'w_pop': 0.28351220154980056}",COMPLETE
37,0.03985512722240859,2025-11-17 17:54:26.225146,2025-11-17 17:54:45.522174,0 days 00:00:19.297028,0.4737874878822643,0.5651744912716057,0.2886818170450588,"{'w_mf': 0.42569738426053116, 'w_knn': 0.3568634066145811, 'w_pop': 0.21743920912488782}",COMPLETE
38,0.040191753065532736,2025-11-17 17:54:45.523172,2025-11-17 17:55:04.196621,0 days 00:00:18.673449,0.7733347221752858,0.44903508804072817,0.5953556905190373,"{'w_mf': 0.23731667445466073, 'w_knn': 0.4087102086113853, 'w_pop': 0.3}",COMPLETE
39,0.03754920591882618,2025-11-17 17:55:04.197664,2025-11-17 17:55:22.579757,0 days 00:00:18.382093,0.541259964177077,0.6592453326564067,0.17922769098114077,"{'w_mf': 0.47780645855296483, 'w_knn': 0.3922932690290932, 'w_pop': 0.129900272417942}",COMPLETE
40,0.04086655696205348,2025-11-17 17:55:22.579757,2025-11-17 17:55:41.673294,0 days 00:00:19.093537,0.12332366652365295,0.9951635985261444,0.743544735620476,"{'w_mf': 0.45862022661046664, 'w_knn': 0.056833597984568426, 'w_pop': 0.3}",COMPLETE
41,0.047107688446297105,2025-11-17 17:55:41.673294,2025-11-17 17:56:00.681293,0 days 00:00:19.007999,0.08534517904233778,0.8376787824365158,0.023282504322993412,"{'w_mf': 0.8852087697897254, 'w_knn': 0.09018767400053752, 'w_pop': 0.024603556209737112}",COMPLETE
42,0.060188068026127084,2025-11-17 17:56:00.681752,2025-11-17 17:56:18.957401,0 days 00:00:18.275649,0.14454619362964338,0.9304361640739778,0.0025080086031234834,"{'w_mf': 0.8635215619265194, 'w_knn': 0.13415079906941213, 'w_pop': 0.0023276390040683596}",COMPLETE
43,0.03618305764323741,2025-11-17 17:56:18.958405,2025-11-17 17:56:37.892684,0 days 00:00:18.934279,0.32313517875227604,0.9240898098659134,0.1206216035971649,"{'w_mf': 0.6755800066506467, 'w_knn': 0.236236417586075, 'w_pop': 0.08818357576327843}",COMPLETE
44,0.036412252217750046,2025-11-17 17:56:37.892684,2025-11-17 17:56:56.160969,0 days 00:00:18.268285,0.22038451324460862,0.754639058379023,0.06543596864351943,"{'w_mf': 0.7252939967134714, 'w_knn': 0.2118145922214545, 'w_pop': 0.06289141106507412}",COMPLETE
45,0.04397115271483895,2025-11-17 17:56:56.160969,2025-11-17 17:57:14.169900,0 days 00:00:18.008931,0.9901888187383676,0.7889957543338235,0.0004507598983880842,"{'w_mf': 0.4433468698426135, 'w_knn': 0.5563998423685699, 'w_pop': 0.00025328778881664074}",COMPLETE
46,0.03922577978888179,2025-11-17 17:57:14.170905,2025-11-17 17:57:32.110252,0 days 00:00:17.939347,0.15496511444868258,0.9571639494556934,0.0666381537072536,"{'w_mf': 0.8120042152131277, 'w_knn': 0.13146371237118948, 'w_pop': 0.056532072415682824}",COMPLETE
47,0.039990616124709555,2025-11-17 17:57:32.110252,2025-11-17 17:57:50.904857,0 days 00:00:18.794605,0.06790887401747077,0.6711047266158928,0.19328736103237226,"{'w_mf': 0.7198369992205462, 'w_knn': 0.07284007719582145, 'w_pop': 0.2073229235836323}",COMPLETE
48,0.04044636820915302,2025-11-17 17:57:50.905899,2025-11-17 17:58:08.705876,0 days 00:00:17.799977,0.26838477206276534,0.9307620268407117,0.04741258703084337,"{'w_mf': 0.7466648098302093, 'w_knn': 0.21530043020100947, 'w_pop': 0.03803475996878137}",COMPLETE
49,0.036062894970810035,2025-11-17 17:58:08.707136,2025-11-17 17:58:26.450512,0 days 00:00:17.743376,0.4431155424073945,0.862205132199744,0.13748930798224282,"{'w_mf': 0.5975874457510768, 'w_knn': 0.30711982018043993, 'w_pop': 0.09529273406848321}",COMPLETE
50,0.040857249256907126,2025-11-17 17:58:26.451548,2025-11-17 17:58:45.661215,0 days 00:00:19.209667,0.0025754043096931634,0.5475761849459321,0.4586204251401895,"{'w_mf': 0.42290501247091045, 'w_knn': 0.001989040834228331, 'w_pop': 0.3}",COMPLETE
51,0.04132821124907645,2025-11-17 17:58:45.662220,2025-11-17 17:59:03.771033,0 days 00:00:18.108813,0.12167382084745931,0.8132335396656967,0.04344981280839405,"{'w_mf': 0.831223567263013, 'w_knn': 0.12436544052145423, 'w_pop': 0.044410992215532824}",COMPLETE
52,0.06286918385303653,2025-11-17 17:59:03.771033,2025-11-17 17:59:22.166056,0 days 00:00:18.395023,0.05453944777474683,0.7662911593892667,0.00244817353676941,"{'w_mf': 0.9307796791956574, 'w_knn': 0.06624663364738044, 'w_pop': 0.0029736871569621902}",COMPLETE
53,0.039684635285699724,2025-11-17 17:59:22.167103,2025-11-17 17:59:41.380646,0 days 00:00:19.213543,0.0449335457951828,0.757519318728244,0.10575130470825314,"{'w_mf': 0.8340848284908096, 'w_knn': 0.04947515912990749, 'w_pop': 0.11644001237928289}",COMPLETE
54,0.05927163986225061,2025-11-17 17:59:41.381681,2025-11-17 17:59:59.968731,0 days 00:00:18.587050,0.16591272799861606,0.8026532217699287,0.0007739360035208426,"{'w_mf': 0.8280410551048631, 'w_knn': 0.17116052938074336, 'w_pop': 0.0007984155143935023}",COMPLETE
55,0.04058493891642496,2025-11-17 17:59:59.969769,2025-11-17 18:00:18.538395,0 days 00:00:18.568626,0.2019515705168532,0.8954143254032125,0.045150599428642205,"{'w_mf': 0.7837211357985013, 'w_knn': 0.17676031054170074, 'w_pop': 0.03951855365979794}",COMPLETE
56,0.03975928540032219,2025-11-17 18:00:18.539431,2025-11-17 18:00:38.027221,0 days 00:00:19.487790,0.16169980935145412,0.8705652288046104,0.26426819483947567,"{'w_mf': 0.6714561622097696, 'w_knn': 0.12471705717705296, 'w_pop': 0.20382678061317747}",COMPLETE
57,0.057158996968205235,2025-11-17 18:00:38.028259,2025-11-17 18:00:56.373585,0 days 00:00:18.345326,0.29242959848005434,0.7913639224673875,0.0006709182531216057,"{'w_mf': 0.7297278673801039, 'w_knn': 0.26965346940801965, 'w_pop': 0.0006186632118764425}",COMPLETE
58,0.03623262991577489,2025-11-17 18:00:56.374635,2025-11-17 18:01:14.991922,0 days 00:00:18.617287,0.2317011770813454,0.9832866487344173,0.0903224497164585,"{'w_mf': 0.7532972559596962, 'w_knn': 0.17750659090373944, 'w_pop': 0.06919615313656428}",COMPLETE
59,0.04115481182560962,2025-11-17 18:01:14.991922,2025-11-17 18:01:33.595412,0 days 00:00:18.603490,0.06297940167907931,0.92995031433734,0.619014827686666,"{'w_mf': 0.5076682706215916, 'w_knn': 0.03438102384855226, 'w_pop': 0.3}",COMPLETE
60,0.04207340186392883,2025-11-17 18:01:33.596844,2025-11-17 18:01:51.928063,0 days 00:00:18.331219,0.29394021182517466,0.42429259759815974,0.9166882765384775,"{'w_mf': 0.16286923816762483, 'w_knn': 0.11283208483438341, 'w_pop': 0.3}",COMPLETE
61,0.03666204530290222,2025-11-17 18:01:51.928063,2025-11-17 18:02:10.207894,0 days 00:00:18.279831,0.3539340090456791,0.7797468454208645,0.045576310437708024,"{'w_mf': 0.6612186625842338, 'w_knn': 0.30013301557885075, 'w_pop': 0.03864832183691548}",COMPLETE
62,0.05382146351798743,2025-11-17 18:02:10.208938,2025-11-17 18:02:28.527134,0 days 00:00:18.318196,0.4001331506146867,0.8057468978077431,7.148175428583819e-05,"{'w_mf': 0.6681420253181088, 'w_knn': 0.3317987005299067, 'w_pop': 5.927415198466852e-05}",COMPLETE
63,0.03500760154285882,2025-11-17 18:02:28.528172,2025-11-17 18:02:47.326991,0 days 00:00:18.798819,0.33444089717750997,0.7382016792189277,0.08768563537912873,"{'w_mf': 0.6362007505525623, 'w_knn': 0.2882295662412097, 'w_pop': 0.07556968320622813}",COMPLETE
64,0.03476164873189815,2025-11-17 18:02:47.326991,2025-11-17 18:03:05.615577,0 days 00:00:18.288586,0.18318046452263015,0.2666985850125265,0.037005001164577965,"{'w_mf': 0.5477661152162113, 'w_knn': 0.37623016046504065, 'w_pop': 0.07600372431874802}",COMPLETE
65,0.03803437760569339,2025-11-17 18:03:05.615577,2025-11-17 18:03:23.909206,0 days 00:00:18.293629,0.228018724108344,0.6828853690015997,0.15642412329077005,"{'w_mf': 0.639808222539504, 'w_knn': 0.21363505677501693, 'w_pop': 0.14655672068547917}",COMPLETE
66,0.037413408618421476,2025-11-17 18:03:23.909206,2025-11-17 18:03:42.389025,0 days 00:00:18.479819,0.2639159760219402,0.8281883499765612,0.12016862690169544,"{'w_mf': 0.683169865330439, 'w_knn': 0.21770342676585946, 'w_pop': 0.09912670790370144}",COMPLETE
67,0.03745133816521778,2025-11-17 18:03:42.389025,2025-11-17 18:04:00.199448,0 days 00:00:17.810423,0.11720024168691215,0.6189842582650446,0.06137851055810479,"{'w_mf': 0.7760944904769199, 'w_knn': 0.1469479403413652, 'w_pop': 0.0769575691817148}",COMPLETE
68,0.05566687081093001,2025-11-17 18:04:00.199448,2025-11-17 18:04:18.532603,0 days 00:00:18.333155,0.15619560442716449,0.7323799898117348,0.005953487189585948,"{'w_mf': 0.8187324537757761, 'w_knn': 0.174612103362513, 'w_pop': 0.006655442861710818}",COMPLETE
69,0.03913582548839995,2025-11-17 18:04:18.533649,2025-11-17 18:04:37.951025,0 days 00:00:19.417376,0.026238784795428627,0.7299477465677131,0.11783030453595295,"{'w_mf': 0.8351644002564563, 'w_knn': 0.030020914606795852, 'w_pop': 0.13481468513674771}",COMPLETE
70,0.0341560615683759,2025-11-17 18:04:37.951025,2025-11-17 18:04:55.997868,0 days 00:00:18.046843,0.6572988246917533,0.8576360111157402,0.03109699118394744,"{'w_mf': 0.5547337358408005, 'w_knn': 0.4251521949395109, 'w_pop': 0.02011406921968858}",COMPLETE
71,0.057441191094141635,2025-11-17 18:04:55.998906,2025-11-17 18:05:14.159422,0 days 00:00:18.160516,0.16828907239547208,0.7698709260314023,0.004869150003426579,"{'w_mf': 0.8163808375519193, 'w_knn': 0.17845585438752776, 'w_pop': 0.005163308060552973}",COMPLETE
72,0.06029150128988984,2025-11-17 18:05:14.160659,2025-11-17 18:05:32.292039,0 days 00:00:18.131380,0.14383040880327908,0.7925866761815719,0.0004558041788492442,"{'w_mf': 0.8459916871850934, 'w_knn': 0.15352179625100404, 'w_pop': 0.0004865165639024072}",COMPLETE
73,0.0391150937537575,2025-11-17 18:05:32.293049,2025-11-17 18:05:51.296964,0 days 00:00:19.003915,0.08362369391455718,0.7983035753567616,0.08300284751661842,"{'w_mf': 0.8273175035868476, 'w_knn': 0.08666295357525375, 'w_pop': 0.08601954283789856}",COMPLETE
74,0.0450010696084424,2025-11-17 18:05:51.297501,2025-11-17 18:06:09.371735,0 days 00:00:18.074234,0.19987522412948672,0.8925859588678939,0.02412241595382727,"{'w_mf': 0.7993901752688182, 'w_knn': 0.17900605410757137, 'w_pop': 0.021603770623610383}",COMPLETE
75,0.03690485462686767,2025-11-17 18:06:09.372778,2025-11-17 18:06:27.406992,0 days 00:00:18.034214,0.13430522750747748,0.7708861730256692,0.0655082728355269,"{'w_mf': 0.7941551791713491, 'w_knn': 0.13835919717721804, 'w_pop': 0.06748562365143264}",COMPLETE
76,0.040032678409269724,2025-11-17 18:06:27.406992,2025-11-17 18:06:48.532966,0 days 00:00:21.125974,0.10248549704591275,0.9121584378400371,0.2048964748625144,"{'w_mf': 0.7479526144018253, 'w_knn': 0.08403616331749995, 'w_pop': 0.16801122228067475}",COMPLETE
77,0.057876374223465955,2025-11-17 18:06:48.532966,2025-11-17 18:07:04.640478,0 days 00:00:16.107512,0.2865950273973046,0.9590143800779822,0.00029509207345433273,"{'w_mf': 0.7697334590454816, 'w_knn': 0.23002969128140038, 'w_pop': 0.00023684967311797433}",COMPLETE
78,0.043896604114455104,2025-11-17 18:07:04.640478,2025-11-17 18:07:26.578506,0 days 00:00:21.938028,0.2875098058673526,0.9594514517265318,0.03620490199166635,"{'w_mf': 0.747721910026387, 'w_knn': 0.22406280256035993, 'w_pop': 0.028215287413252976}",COMPLETE
79,0.05965345577149579,2025-11-17 18:07:26.579543,2025-11-17 18:07:47.093781,0 days 00:00:20.514238,0.16605182428652393,0.8455340317421273,0.00016495196687209529,"{'w_mf': 0.8357137202759403, 'w_knn': 0.16412324356380317, 'w_pop': 0.0001630361602565927}",COMPLETE
80,0.03805379359189871,2025-11-17 18:07:47.095037,2025-11-17 18:08:06.859387,0 days 00:00:19.764350,0.24225752671379083,0.8519713550765494,0.16505418183141232,"{'w_mf': 0.6765526986650983, 'w_knn': 0.19237734049805108, 'w_pop': 0.13106996083685057}",COMPLETE
81,0.05894015557378728,2025-11-17 18:08:06.859387,2025-11-17 18:08:26.283155,0 days 00:00:19.423768,0.17114962411114737,0.878384828886561,0.004195694405139182,"{'w_mf': 0.8335956136886999, 'w_knn': 0.1624226321444667, 'w_pop': 0.0039817541668333255}",COMPLETE
82,0.037129424837434824,2025-11-17 18:08:26.283155,2025-11-17 18:08:45.643777,0 days 00:00:19.360622,0.16510035966958314,0.9409514403794432,0.08182477912194709,"{'w_mf': 0.792128960936446, 'w_knn': 0.1389878061109747, 'w_pop': 0.06888323295257923}",COMPLETE
83,0.044350564244498604,2025-11-17 18:08:45.644814,2025-11-17 18:09:05.981677,0 days 00:00:20.336863,0.13846036449309704,0.8864931786037229,0.036568249963059345,"{'w_mf': 0.8351153828395464, 'w_knn': 0.13043572482292565, 'w_pop': 0.034448892337527896}",COMPLETE
84,0.03916772275179181,2025-11-17 18:09:05.981677,2025-11-17 18:09:24.401797,0 days 00:00:18.420120,0.07875729998530777,0.8235672706961337,0.059374119323912115,"{'w_mf': 0.8563672585345302, 'w_knn': 0.08189394537375251, 'w_pop': 0.061738796091717243}",COMPLETE
85,0.037777854719529415,2025-11-17 18:09:24.401797,2025-11-17 18:09:45.571148,0 days 00:00:21.169351,0.18084510330111297,0.8738848052259615,0.12684358088673559,"{'w_mf': 0.7395941200910864, 'w_knn': 0.15305446924916363, 'w_pop': 0.1073514106597499}",COMPLETE
86,0.03937659258734155,2025-11-17 18:09:45.572160,2025-11-17 18:10:04.075115,0 days 00:00:18.502955,0.04417003364402404,0.9823523497694826,0.09995824139926096,"{'w_mf': 0.8720543683853944, 'w_knn': 0.03921064656692656, 'w_pop': 0.08873498504767893}",COMPLETE
87,0.0408588189416139,2025-11-17 18:10:04.076113,2025-11-17 18:10:22.839812,0 days 00:00:18.763699,0.10832115950017421,0.9101619755010975,0.333330965763103,"{'w_mf': 0.6732893043403321, 'w_knn': 0.08013021867350303, 'w_pop': 0.24658047698616484}",COMPLETE
88,0.04465252037214437,2025-11-17 18:10:22.840318,2025-11-17 18:10:42.542065,0 days 00:00:19.701747,0.20890477821745912,0.9590587574692876,0.026724496503610775,"{'w_mf': 0.802769201354546, 'w_knn': 0.17486136345942144, 'w_pop': 0.022369435186032384}",COMPLETE
89,0.03965577949017206,2025-11-17 18:10:42.543117,2025-11-17 18:11:04.670727,0 days 00:00:22.127610,0.017497389463946078,0.8401597481031945,0.06056183650517153,"{'w_mf': 0.9149884415664773, 'w_knn': 0.019055791655387982, 'w_pop': 0.0659557667781347}",COMPLETE
90,0.05910419048129058,2025-11-17 18:11:04.671971,2025-11-17 18:11:23.188251,0 days 00:00:18.516280,0.13869318569733743,0.6947012451676475,0.0008943724632299424,"{'w_mf': 0.8326867655376495, 'w_knn': 0.16624121664350633, 'w_pop': 0.0010720178188440702}",COMPLETE
91,0.04520730862030679,2025-11-17 18:11:23.189286,2025-11-17 18:11:45.396181,0 days 00:00:22.206895,0.141607745992907,0.693501492038535,0.02507963104876,"{'w_mf': 0.8062200255858862, 'w_knn': 0.16462401582146471, 'w_pop': 0.02915595859264907}",COMPLETE
92,0.057734978743142144,2025-11-17 18:11:45.396629,2025-11-17 18:12:01.109819,0 days 00:00:15.713190,0.17066867409163822,0.759646387095744,0.003909212919102997,"{'w_mf': 0.8131306455532729, 'w_knn': 0.18268490642128724, 'w_pop': 0.0041844480254399985}",COMPLETE
93,0.040854040100800376,2025-11-17 18:12:01.110822,2025-11-17 18:12:16.249909,0 days 00:00:15.139087,0.23979556969114574,0.9987714149717353,0.050764174314013685,"{'w_mf': 0.7746430449755644, 'w_knn': 0.18598446801008628, 'w_pop': 0.03937248701434927}",COMPLETE
94,0.0473352285251976,2025-11-17 18:12:16.249909,2025-11-17 18:12:31.444365,0 days 00:00:15.194456,0.06007406348631869,0.8102957923577017,0.02356438571074615,"{'w_mf': 0.9064378057030263, 'w_knn': 0.06720188207785335, 'w_pop': 0.0263603122191203}",COMPLETE
95,0.060109231726620437,2025-11-17 18:12:31.445362,2025-11-17 18:12:47.913963,0 days 00:00:16.468601,0.11912058315091831,0.7155105991071347,0.0005456513925926774,"{'w_mf': 0.8567174881750045, 'w_knn': 0.1426291754648291, 'w_pop': 0.0006533363601664786}",COMPLETE
96,0.038114065556360335,2025-11-17 18:12:47.915132,2025-11-17 18:13:03.361830,0 days 00:00:15.446698,0.09532037831857686,0.6362345481709865,0.07868370968404005,"{'w_mf': 0.7852434082576452, 'w_knn': 0.11764481976412851, 'w_pop': 0.09711177197822633}",COMPLETE
97,0.037969617270963596,2025-11-17 18:13:03.362832,2025-11-17 18:13:18.429743,0 days 00:00:15.066911,0.1308981958346785,0.7212279269039642,0.09771271338778659,"{'w_mf': 0.7593161065568015, 'w_knn': 0.13781095366504378, 'w_pop': 0.10287293977815457}",COMPLETE
98,0.03632413636129168,2025-11-17 18:13:18.429743,2025-11-17 18:13:33.183862,0 days 00:00:14.754119,0.19403143491875444,0.14214194076382086,0.052176417421227035,"{'w_mf': 0.366015234945233, 'w_knn': 0.49963058655960607, 'w_pop': 0.13435417849516082}",COMPLETE
99,0.043769182113300074,2025-11-17 18:13:33.183862,2025-11-17 18:13:50.356933,0 days 00:00:17.173071,0.22011050430141182,0.8468119111172433,0.025710193195853343,"{'w_mf': 0.7750198048647171, 'w_knn': 0.20144969367198243, 'w_pop': 0.02353050146330032}",COMPLETE
100,0.03725038955495199,2025-11-17 18:13:50.356933,2025-11-17 18:14:05.194415,0 days 00:00:14.837482,0.11461045118571411,0.8775175719507684,0.07441628195593167,"{'w_mf': 0.8227671065898505, 'w_knn': 0.10745962510744766, 'w_pop': 0.06977326830270181}",COMPLETE
101,0.05955099500238617,2025-11-17 18:14:05.195452,2025-11-17 18:14:20.073117,0 days 00:00:14.877665,0.1531482818135372,0.7577865353985254,0.0006560611643545443,"{'w_mf': 0.8312791992260563, 'w_knn': 0.16800111261128559, 'w_pop': 0.000719688162658031}",COMPLETE
102,0.05956143033229008,2025-11-17 18:14:20.074154,2025-11-17 18:14:35.209980,0 days 00:00:15.135826,0.14758004012611212,0.7480967303332339,0.0011145411156036687,"{'w_mf': 0.8341926607422437, 'w_knn': 0.1645645293629476, 'w_pop': 0.001242809894808532}",COMPLETE
103,0.03923461720017853,2025-11-17 18:14:35.210737,2025-11-17 18:14:49.890983,0 days 00:00:14.680246,0.1524375665329934,0.743928409302195,0.04371065777499907,"{'w_mf': 0.7913486865908771, 'w_knn': 0.16215440431445, 'w_pop': 0.046496909094672974}",COMPLETE
104,0.04080530459844179,2025-11-17 18:14:49.890983,2025-11-17 18:15:04.650658,0 days 00:00:14.759675,0.08507776766689512,0.7874357010800248,0.7654791441416747,"{'w_mf': 0.36581821242501084, 'w_knn': 0.03952449303775092, 'w_pop': 0.3}",COMPLETE
105,0.04816764432872368,2025-11-17 18:15:04.650658,2025-11-17 18:15:19.726244,0 days 00:00:15.075586,0.048464979479364845,0.7088100897704042,0.019571376041045543,"{'w_mf': 0.9124198148387733, 'w_knn': 0.06238682016652835, 'w_pop': 0.02519336499469847}",COMPLETE
106,0.03908003656821501,2025-11-17 18:15:19.726244,2025-11-17 18:15:35.122934,0 days 00:00:15.396690,0.06708385867087123,0.6760243856824001,0.10984220922053609,"{'w_mf': 0.7925716937600554, 'w_knn': 0.07864918576430106, 'w_pop': 0.12877912047564347}",COMPLETE
107,0.04121093344238319,2025-11-17 18:15:35.122934,2025-11-17 18:15:50.703070,0 days 00:00:15.580136,0.1209725683532242,0.815352564643145,0.46306081428371676,"{'w_mf': 0.5569280164223536, 'w_knn': 0.08263052752396241, 'w_pop': 0.3}",COMPLETE
108,0.03821403947038754,2025-11-17 18:15:50.703070,2025-11-17 18:16:05.613273,0 days 00:00:14.910203,0.18458243929198923,0.6565786819506068,0.043044148987424834,"{'w_mf': 0.7425636377170672, 'w_knn': 0.20875519012001725, 'w_pop': 0.04868117216291546}",COMPLETE
109,0.03849349866673335,2025-11-17 18:16:05.614270,2025-11-17 18:16:21.042558,0 days 00:00:15.428288,0.15453278766585515,0.7495976294255954,0.144835619046135,"{'w_mf': 0.7146061965797297, 'w_knn': 0.14731915271047552, 'w_pop': 0.1380746507097947}",COMPLETE
110,0.04889114667489907,2025-11-17 18:16:21.042558,2025-11-17 18:16:36.525105,0 days 00:00:15.482547,0.10688778000908568,0.7781155737833294,0.01694616035468862,"{'w_mf': 0.8627041331899009, 'w_knn': 0.11850749773967147, 'w_pop': 0.018788369070427573}",COMPLETE
111,0.05893617302601399,2025-11-17 18:16:36.526109,2025-11-17 18:16:54.826517,0 days 00:00:18.300408,0.20796440410779987,0.919346633501997,0.0016457586329305044,"{'w_mf': 0.8143328748820748, 'w_knn': 0.1842093557520754, 'w_pop': 0.0014577693658497308}",COMPLETE
112,0.05842394682263463,2025-11-17 18:16:54.827520,2025-11-17 18:17:13.871498,0 days 00:00:19.043978,0.20431930833162576,0.7997750916774735,0.00045262930093864766,"{'w_mf': 0.7961549517764144, 'w_knn': 0.20339446772537892, 'w_pop': 0.00045058049820677007}",COMPLETE
113,0.03766578664508518,2025-11-17 18:17:13.871498,2025-11-17 18:17:36.776516,0 days 00:00:22.905018,0.21277387531219538,0.8064097332416846,0.05858462176699563,"{'w_mf': 0.7482218445069571, 'w_knn': 0.19742080841337087, 'w_pop': 0.05435734707967192}",COMPLETE
114,0.04421397800951864,2025-11-17 18:17:36.777509,2025-11-17 18:17:57.860056,0 days 00:00:21.082547,0.1449061057411199,0.7225256864201655,0.02122526198999415,"{'w_mf': 0.81305345301087, 'w_knn': 0.16306189779758612, 'w_pop': 0.02388464919154391}",COMPLETE
115,0.05934995606405615,2025-11-17 18:17:57.860056,2025-11-17 18:18:14.769639,0 days 00:00:16.909583,0.19626755097099635,0.8580457512480075,0.00023792947015598164,"{'w_mf': 0.8136596169667417, 'w_knn': 0.1861147614958628, 'w_pop': 0.00022562153739545757}",COMPLETE
116,0.03702329269283643,2025-11-17 18:18:14.770680,2025-11-17 18:18:31.553321,0 days 00:00:16.782641,0.17879923186850252,0.9134575208004574,0.07465573095481447,"{'w_mf': 0.7827986533863891, 'w_knn': 0.15322420008161416, 'w_pop': 0.06397714653199675}",COMPLETE
117,0.04187227431459155,2025-11-17 18:18:31.553321,2025-11-17 18:18:49.037767,0 days 00:00:17.484446,0.256912188083425,0.8660731965487081,0.03846043759988321,"{'w_mf': 0.7456854034605989, 'w_knn': 0.22120032046755506, 'w_pop': 0.03311427607184605}",COMPLETE
118,0.04855568239562259,2025-11-17 18:18:49.037767,2025-11-17 18:19:03.805693,0 days 00:00:14.767926,0.1312073541351108,0.8401973338641376,0.01834921448586334,"{'w_mf': 0.8488951968307862, 'w_knn': 0.13256563455387282, 'w_pop': 0.018539168615341082}",COMPLETE
119,0.04003833045966151,2025-11-17 18:19:03.806699,2025-11-17 18:19:18.656103,0 days 00:00:14.849404,0.014645930646439625,0.8269044092982468,0.09077399448490274,"{'w_mf': 0.886927841269058, 'w_knn': 0.015709051137660413, 'w_pop': 0.0973631075932816}",COMPLETE
